{
  "description": "China T2m anomaly linear bias correction derived from hindcast model_v3 vs 2000-2023 weekly climatology",
  "source_eval": "/home/lhwang/Desktop/CanglongPhysics/Infer/eval/model_v3.nc",
  "source_weekly_clim": "/home/lhwang/Desktop/CanglongPhysics/data/climate_variables_2000_2023_weekly.nc",
  "model": "model_v3_5_continue_record_ft2_best.pth",
  "target_region": "China 70-140E, 15-55N",
  "formula": "obs_anom = a + b * pred_anom",
  "month_band_params": {
    "1": {
      "lead1_4": {
        "a": 0.43848429512897363,
        "b": 0.21681900489382439,
        "mean_pred": 0.16174289880716128,
        "mean_obs": 0.47355322949698486,
        "n": 4524100
      },
      "lead5_6": {
        "a": 0.4937373499239396,
        "b": 0.016441863033968558,
        "mean_pred": -1.2276054352998027,
        "mean_obs": 0.47355322949698486,
        "n": 2262050
      },
      "lead1_6": {
        "a": 0.5061025217625306,
        "b": 0.10800326939763515,
        "mean_pred": -0.30137321256182675,
        "mean_obs": 0.47355322949698486,
        "n": 6786150
      }
    },
    "2": {
      "lead1_4": {
        "a": 1.4090929669131709,
        "b": 0.3774063028524576,
        "mean_pred": 0.9918282342533421,
        "mean_obs": 1.7834151938674059,
        "n": 3619280
      },
      "lead5_6": {
        "a": 1.8353817060734219,
        "b": 0.08415950755060533,
        "mean_pred": -0.6174764292052006,
        "mean_obs": 1.7834151938674059,
        "n": 1809640
      },
      "lead1_6": {
        "a": 1.6851845484509678,
        "b": 0.2157050518758763,
        "mean_pred": 0.4553933464338278,
        "mean_obs": 1.7834151938674054,
        "n": 5428920
      }
    },
    "3": {
      "lead1_4": {
        "a": 1.3087421917592765,
        "b": 0.43523768242434846,
        "mean_pred": 1.4225725035069259,
        "mean_obs": 1.9278993512662341,
        "n": 3619280
      },
      "lead5_6": {
        "a": 1.5555384555603702,
        "b": 0.24540226002415924,
        "mean_pred": 1.517349089080133,
        "mean_obs": 1.9278993512662341,
        "n": 1809640
      },
      "lead1_6": {
        "a": 1.4279153591189122,
        "b": 0.34382899859623123,
        "mean_pred": 1.454164698697995,
        "mean_obs": 1.9278993512662341,
        "n": 5428920
      }
    },
    "4": {
      "lead1_4": {
        "a": 1.0083172509661171,
        "b": 0.302808631142364,
        "mean_pred": 1.0753626249467678,
        "mean_obs": 1.3339463354079073,
        "n": 4524100
      },
      "lead5_6": {
        "a": 0.9697308876846364,
        "b": 0.1758866791920621,
        "mean_pred": 2.070739236173538,
        "mean_obs": 1.3339463354079073,
        "n": 2262050
      },
      "lead1_6": {
        "a": 1.0105877310769942,
        "b": 0.22979603789027958,
        "mean_pred": 1.4071548286890248,
        "mean_obs": 1.333946335407907,
        "n": 6786150
      }
    },
    "5": {
      "lead1_4": {
        "a": 1.019869753601762,
        "b": 0.22094732052014757,
        "mean_pred": 0.45024612970066685,
        "mean_obs": 1.1193504295336911,
        "n": 3619280
      },
      "lead5_6": {
        "a": 1.0246118108313123,
        "b": 0.09521827183345406,
        "mean_pred": 0.9949625936089861,
        "mean_obs": 1.1193504295336911,
        "n": 1809640
      },
      "lead1_6": {
        "a": 1.0222788709489088,
        "b": 0.15363841311854268,
        "mean_pred": 0.6318182843367732,
        "mean_obs": 1.119350429533691,
        "n": 5428920
      }
    },
    "6": {
      "lead1_4": {
        "a": 0.6060890825289158,
        "b": 0.14428095199925653,
        "mean_pred": 0.11577247201724472,
        "mean_obs": 0.6227928450068712,
        "n": 3619280
      },
      "lead5_6": {
        "a": 0.6169369878577214,
        "b": 0.020265037444834315,
        "mean_pred": 0.2889635494180842,
        "mean_obs": 0.6227928450068712,
        "n": 1809640
      },
      "lead1_6": {
        "a": 0.6082451142345768,
        "b": 0.0838472241392144,
        "mean_pred": 0.17350283115085788,
        "mean_obs": 0.622792845006871,
        "n": 5428920
      }
    },
    "7": {
      "lead1_4": {
        "a": 0.474930967746091,
        "b": 0.14186152294964915,
        "mean_pred": -0.539100849676573,
        "mean_obs": 0.3984533001875225,
        "n": 4524100
      },
      "lead5_6": {
        "a": 0.4029444832499793,
        "b": 0.014856864744015387,
        "mean_pred": -0.30229682640584593,
        "mean_obs": 0.3984533001875225,
        "n": 2262050
      },
      "lead1_6": {
        "a": 0.4361034614019141,
        "b": 0.08181861953171961,
        "mean_pred": -0.4601661752529973,
        "mean_obs": 0.3984533001875225,
        "n": 6786150
      }
    },
    "8": {
      "lead1_4": {
        "a": -0.10519688981101083,
        "b": 0.1975681841480048,
        "mean_pred": -1.098726608994726,
        "mean_obs": -0.32227031082519375,
        "n": 3619280
      },
      "lead5_6": {
        "a": -0.20441355704073716,
        "b": 0.10188372104971338,
        "mean_pred": -1.1567770844073244,
        "mean_obs": -0.32227031082519375,
        "n": 1809640
      },
      "lead1_6": {
        "a": -0.14886436501499842,
        "b": 0.15509305877383037,
        "mean_pred": -1.118076767465592,
        "mean_obs": -0.32227031082519375,
        "n": 5428920
      }
    },
    "9": {
      "lead1_4": {
        "a": -0.3864030802930865,
        "b": 0.19809264828804574,
        "mean_pred": -1.2691493760988575,
        "mean_obs": -0.6378122412776301,
        "n": 3800244
      },
      "lead5_6": {
        "a": -0.540444342810694,
        "b": 0.07077253557240899,
        "mean_pred": -1.3757864923084016,
        "mean_obs": -0.6378122412776301,
        "n": 1900122
      },
      "lead1_6": {
        "a": -0.45628198263556186,
        "b": 0.13913615619143782,
        "mean_pred": -1.3046950815020388,
        "mean_obs": -0.6378122412776303,
        "n": 5700366
      }
    },
    "10": {
      "lead1_4": {
        "a": -0.8462953377092473,
        "b": 0.24058882078831545,
        "mean_pred": -1.2823006610767391,
        "mean_obs": -1.1548025416537773,
        "n": 4343136
      },
      "lead5_6": {
        "a": -1.1395868724115799,
        "b": 0.010002447041632574,
        "mean_pred": -1.5211946815480415,
        "mean_obs": -1.1548025416537773,
        "n": 2171568
      },
      "lead1_6": {
        "a": -0.9857971044076279,
        "b": 0.12409241951363144,
        "mean_pred": -1.36193200123384,
        "mean_obs": -1.1548025416537773,
        "n": 6514704
      }
    },
    "11": {
      "lead1_4": {
        "a": -1.258645644634905,
        "b": 0.08517488804565501,
        "mean_pred": -1.40423802367911,
        "mean_obs": -1.378251461091225,
        "n": 3619280
      },
      "lead5_6": {
        "a": -1.5588601737259897,
        "b": -0.10501995945737662,
        "mean_pred": -1.7197560689219877,
        "mean_obs": -1.378251461091225,
        "n": 1809640
      },
      "lead1_6": {
        "a": -1.3959987649991281,
        "b": -0.011757769998647142,
        "mean_pred": -1.5094107054267358,
        "mean_obs": -1.3782514610912249,
        "n": 5428920
      }
    },
    "12": {
      "lead1_4": {
        "a": -0.6738065755743308,
        "b": 0.19714601502448031,
        "mean_pred": -0.7676452628026679,
        "mean_obs": -0.8251447800882967,
        "n": 3619280
      },
      "lead5_6": {
        "a": -0.8060287105099608,
        "b": 0.016420186797893803,
        "mean_pred": -1.1641810055892843,
        "mean_obs": -0.8251447800882967,
        "n": 1809640
      },
      "lead1_6": {
        "a": -0.7358133620230425,
        "b": 0.09927656250450057,
        "mean_pred": -0.89982384373154,
        "mean_obs": -0.8251447800882966,
        "n": 5428920
      }
    }
  }
}