{
  "description": "Global-land T2m anomaly linear bias correction derived from hindcast model_v3 vs 2000-2023 weekly climatology",
  "source_eval": "/home/lhwang/Desktop/CanglongPhysics/Infer/eval/model_v3.nc",
  "source_weekly_clim": "/home/lhwang/Desktop/CanglongPhysics/data/climate_variables_2000_2023_weekly.nc",
  "source_land_mask": "/home/lhwang/Desktop/CanglongPhysics/constant_masks/land_cover.npy",
  "model": "model_v3_5_continue_record_ft2_best.pth",
  "target_region": "Global land",
  "formula": "obs_anom = a + b * pred_anom",
  "month_band_params": {
    "1": {
      "lead1_4": {
        "a": 0.3853847019960163,
        "b": 0.3064547038163737,
        "mean_pred": -0.29650346901115604,
        "mean_obs": 0.2945198192196752,
        "n": 33898300
      },
      "lead5_6": {
        "a": 0.2980783457065092,
        "b": 0.004069047870249608,
        "mean_pred": -0.8745354196621241,
        "mean_obs": 0.2945198192196752,
        "n": 16949150
      },
      "lead1_6": {
        "a": 0.3719025257618268,
        "b": 0.1581883605681748,
        "mean_pred": -0.48918078589481206,
        "mean_obs": 0.2945198192196752,
        "n": 50847450
      }
    },
    "2": {
      "lead1_4": {
        "a": 0.7345097458649554,
        "b": 0.49875614784313294,
        "mean_pred": 0.15921590816572953,
        "mean_obs": 0.8139196588970407,
        "n": 27118640
      },
      "lead5_6": {
        "a": 0.814756130853604,
        "b": 0.0016858381423426152,
        "mean_pred": -0.4961757214728671,
        "mean_obs": 0.8139196588970407,
        "n": 13559320
      },
      "lead1_6": {
        "a": 0.8299098554010855,
        "b": 0.2698859883491934,
        "mean_pred": -0.059247968380469335,
        "mean_obs": 0.8139196588970408,
        "n": 40677960
      }
    },
    "3": {
      "lead1_4": {
        "a": 0.8396478570160126,
        "b": 0.5255986812795992,
        "mean_pred": 0.4356936266728451,
        "mean_obs": 1.068647852637186,
        "n": 27118640
      },
      "lead5_6": {
        "a": 1.0866322928149323,
        "b": 0.1509710058186428,
        "mean_pred": -0.11912512657795025,
        "mean_obs": 1.068647852637186,
        "n": 13559320
      },
      "lead1_6": {
        "a": 0.9791190401452239,
        "b": 0.3570383619203684,
        "mean_pred": 0.25075404225591336,
        "mean_obs": 1.068647852637186,
        "n": 40677960
      }
    },
    "4": {
      "lead1_4": {
        "a": 0.7407524143335016,
        "b": 0.3214861404596419,
        "mean_pred": 0.5973120787725995,
        "mean_obs": 0.9327799691880302,
        "n": 33898300
      },
      "lead5_6": {
        "a": 0.874636315626858,
        "b": 0.11809414960988533,
        "mean_pred": 0.49234999153849024,
        "mean_obs": 0.9327799691880302,
        "n": 16949150
      },
      "lead1_6": {
        "a": 0.8076893217108458,
        "b": 0.22245269296828837,
        "mean_pred": 0.5623247163612297,
        "mean_obs": 0.9327799691880303,
        "n": 50847450
      }
    },
    "5": {
      "lead1_4": {
        "a": 0.7394461971629861,
        "b": 0.29784867325859,
        "mean_pred": 0.2577491142756809,
        "mean_obs": 0.8162164288835744,
        "n": 27118640
      },
      "lead5_6": {
        "a": 0.8136338591211987,
        "b": 0.10264656196083072,
        "mean_pred": 0.025159827207473326,
        "mean_obs": 0.8162164288835744,
        "n": 13559320
      },
      "lead1_6": {
        "a": 0.7804090131954612,
        "b": 0.19868796167952804,
        "mean_pred": 0.1802193519196117,
        "mean_obs": 0.8162164288835744,
        "n": 40677960
      }
    },
    "6": {
      "lead1_4": {
        "a": 0.5890433908709832,
        "b": 0.2555146712686588,
        "mean_pred": 0.07206688207934545,
        "mean_obs": 0.6074575365548444,
        "n": 27118640
      },
      "lead5_6": {
        "a": 0.6328587279707623,
        "b": 0.08886335983363002,
        "mean_pred": -0.2858454987913358,
        "mean_obs": 0.6074575365548444,
        "n": 13559320
      },
      "lead1_6": {
        "a": 0.6155649730772604,
        "b": 0.17163229022845666,
        "mean_pred": -0.0472372448775483,
        "mean_obs": 0.6074575365548444,
        "n": 40677960
      }
    },
    "7": {
      "lead1_4": {
        "a": 0.3856515772195329,
        "b": 0.11678071147500628,
        "mean_pred": -0.36534983426171624,
        "mean_obs": 0.3429857636371741,
        "n": 33898300
      },
      "lead5_6": {
        "a": 0.34426320329397103,
        "b": 0.0027326878530923495,
        "mean_pred": -0.4674663647922138,
        "mean_obs": 0.3429857636371741,
        "n": 16949150
      },
      "lead1_6": {
        "a": 0.3677436439502296,
        "b": 0.06198943958846146,
        "mean_pred": -0.39938867777188214,
        "mean_obs": 0.34298576363717403,
        "n": 50847450
      }
    },
    "8": {
      "lead1_4": {
        "a": 0.14320171322594444,
        "b": 0.2763536996551987,
        "mean_pred": -0.822273100094009,
        "mean_obs": -0.08403650011198444,
        "n": 27118640
      },
      "lead5_6": {
        "a": 0.028980943102814544,
        "b": 0.11011962976337586,
        "mean_pred": -1.0263151397952384,
        "mean_obs": -0.08403650011198444,
        "n": 13559320
      },
      "lead1_6": {
        "a": 0.0922537303278221,
        "b": 0.1980150311070567,
        "mean_pred": -0.890287113327752,
        "mean_obs": -0.08403650011198445,
        "n": 40677960
      }
    },
    "9": {
      "lead1_4": {
        "a": -0.03242743086069921,
        "b": 0.3028583561047331,
        "mean_pred": -0.924111213466605,
        "mean_obs": -0.3123022338291453,
        "n": 28474572
      },
      "lead5_6": {
        "a": -0.18183152161117894,
        "b": 0.1042311545053766,
        "mean_pred": -1.2517439036064426,
        "mean_obs": -0.3123022338291453,
        "n": 14237286
      },
      "lead1_6": {
        "a": -0.0973449776708008,
        "b": 0.2080254105091432,
        "mean_pred": -1.0333221101798842,
        "mean_obs": -0.3123022338291453,
        "n": 42711858
      }
    },
    "10": {
      "lead1_4": {
        "a": -0.0954308490294945,
        "b": 0.46059225157959394,
        "mean_pred": -0.8792691479133925,
        "mean_obs": -0.500415405611395,
        "n": 32542368
      },
      "lead5_6": {
        "a": -0.3092084018641773,
        "b": 0.15204137472088072,
        "mean_pred": -1.257598493161731,
        "mean_obs": -0.500415405611395,
        "n": 16271184
      },
      "lead1_6": {
        "a": -0.1783746764793035,
        "b": 0.3203177624182856,
        "mean_pred": -1.0053789296628386,
        "mean_obs": -0.5004154056113949,
        "n": 48813552
      }
    },
    "11": {
      "lead1_4": {
        "a": -0.2727319470272126,
        "b": 0.37536065271470975,
        "mean_pred": -0.7786743569747091,
        "mean_obs": -0.5650156619134463,
        "n": 27118640
      },
      "lead5_6": {
        "a": -0.46787002735564426,
        "b": 0.10195511117263016,
        "mean_pred": -0.9528275085033775,
        "mean_obs": -0.5650156619134463,
        "n": 13559320
      },
      "lead1_6": {
        "a": -0.3552787842524985,
        "b": 0.250663928434481,
        "mean_pred": -0.8367254074842653,
        "mean_obs": -0.5650156619134463,
        "n": 40677960
      }
    },
    "12": {
      "lead1_4": {
        "a": 0.13537687991577416,
        "b": 0.263332873225862,
        "mean_pred": -0.5754076521955395,
        "mean_obs": -0.01614687041302473,
        "n": 27118640
      },
      "lead5_6": {
        "a": 0.07140787214089703,
        "b": 0.08824883374571568,
        "mean_pred": -0.9921348400615252,
        "mean_obs": -0.01614687041302473,
        "n": 13559320
      },
      "lead1_6": {
        "a": 0.10959338205560618,
        "b": 0.1760287136788477,
        "mean_pred": -0.7143167148175347,
        "mean_obs": -0.016146870413024726,
        "n": 40677960
      }
    }
  },