{
  "description": "Global Z500 anomaly linear scaling parameters derived from hindcast model_v3 vs weekly climatology",
  "source_eval": "/home/lhwang/Desktop/CanglongPhysics/Infer/eval/model_v3.nc",
  "source_weekly_clim": "/home/lhwang/Desktop/CanglongPhysics/Infer/eval/climatology_2002_2016.nc",
  "formula": "scaled_anom = b * pred_anom",
  "month_band_params": {
    "1": {
      "lead1_6": {
        "a": 8.334801084451652,
        "b": 0.2562219258888143,
        "mean_pred": -7.109696033983639,
        "mean_obs": 6.513141074140299,
        "n": 155736000
      },
      "lead5_6": {
        "a": 8.548812623351818,
        "b": 0.1462826993704162,
        "mean_pred": -13.916010286744882,
        "mean_obs": 6.5131410741402975,
        "n": 51912000
      }
    },
    "2": {
      "lead1_6": {
        "a": 10.140089620009116,
        "b": 0.17358651126741448,
        "mean_pred": -10.13532222787851,
        "mean_obs": 8.380734393900607,
        "n": 124588800
      },
      "lead5_6": {
        "a": 9.604958655925842,
        "b": 0.06506125839828128,
        "mean_pred": -18.816486065040102,
        "mean_obs": 8.380734393900608,
        "n": 41529600
      }
    },
    "3": {
      "lead1_6": {
        "a": 8.45857058376381,
        "b": 0.23670227477864192,
        "mean_pred": -11.208951226481672,
        "mean_obs": 5.805386330572751,
        "n": 124588800
      },
      "lead5_6": {
        "a": 7.860073358395968,
        "b": 0.11225077532274645,
        "mean_pred": -18.304435064395097,
        "mean_obs": 5.805386330572752,
        "n": 41529600
      }
    },
    "4": {
      "lead1_6": {
        "a": 7.53999975275674,
        "b": 0.20794892486028496,
        "mean_pred": -5.9186907901058285,
        "mean_obs": 6.309214366373762,
        "n": 155736000
      },
      "lead5_6": {
        "a": 7.621601797310571,
        "b": 0.09578538016679268,
        "mean_pred": -13.701333425325755,
        "mean_obs": 6.3092143663737605,
        "n": 51912000
      }
    },
    "5": {
      "lead1_6": {
        "a": 7.653081180412902,
        "b": 0.13633752769152596,
        "mean_pred": 0.2938439043822464,
        "mean_obs": 7.693143131863603,
        "n": 124588800
      },
      "lead5_6": {
        "a": 7.969486476112519,
        "b": 0.049021318698163764,
        "mean_pred": -5.637207476005094,
        "mean_obs": 7.693143131863602,
        "n": 41529600
      }
    },
    "6": {
      "lead1_6": {
        "a": 5.96105007881898,
        "b": 0.18802067603031522,
        "mean_pred": 2.5395641090624563,
        "mean_obs": 6.438540639427228,
        "n": 124588800
      },
      "lead5_6": {
        "a": 6.767655455945926,
        "b": 0.11287300092810246,
        "mean_pred": -2.9157975229907764,
        "mean_obs": 6.438540639427229,
        "n": 41529600
      }
    },
    "7": {
      "lead1_6": {
        "a": 7.216117374562076,
        "b": 0.15495323007447595,
        "mean_pred": 3.3466529045552433,
        "mean_obs": 7.734692052061038,
        "n": 155736000
      },
      "lead5_6": {
        "a": 7.7508795975081775,
        "b": 0.07285955590516689,
        "mean_pred": -0.22217463784996713,
        "mean_obs": 7.734692052061037,
        "n": 51912000
      }
    },
    "8": {
      "lead1_6": {
        "a": 6.269529520229763,
        "b": 0.20879444483544693,
        "mean_pred": 2.9442796649848084,
        "mean_obs": 6.884278758320561,
        "n": 124588800
      },
      "lead5_6": {
        "a": 6.957537447879188,
        "b": 0.10716250521897468,
        "mean_pred": -0.683622405140036,
        "mean_obs": 6.884278758320561,
        "n": 41529600
      }
    },
    "9": {
      "lead1_6": {
        "a": 7.088477130125519,
        "b": 0.2548840264710497,
        "mean_pred": 2.170184870820739,
        "mean_obs": 7.6416225881868645,
        "n": 130818240
      },
      "lead5_6": {
        "a": 7.65909735609257,
        "b": 0.17297509124418217,
        "mean_pred": -0.1010247647797918,
        "mean_obs": 7.641622588186864,
        "n": 43606080
      }
    },
    "10": {
      "lead1_6": {
        "a": 6.799880181979695,
        "b": 0.22067860829977326,
        "mean_pred": 4.7774371522077015,
        "mean_obs": 7.854158363968523,
        "n": 149506560
      },
      "lead5_6": {
        "a": 7.78160352171409,
        "b": 0.11677767779713309,
        "mean_pred": 0.6213074589518323,
        "mean_obs": 7.854158363968523,
        "n": 49835520
      }
    },
    "11": {
      "lead1_6": {
        "a": 5.4335706456500485,
        "b": 0.2623953077993576,
        "mean_pred": 3.666063888603271,
        "mean_obs": 6.395528608112214,
        "n": 124588800
      },
      "lead5_6": {
        "a": 6.496056348384826,
        "b": 0.1451221965929845,
        "mean_pred": -0.6927109886198615,
        "mean_obs": 6.395528608112214,
        "n": 41529600
      }
    },
    "12": {
      "lead1_6": {
        "a": 7.943389494225095,
        "b": 0.2173565608377471,
        "mean_pred": -1.0332479785658457,
        "mean_obs": 7.718806267111469,
        "n": 124588800
      },
      "lead5_6": {
        "a": 8.495428200544477,
        "b": 0.10619564580398605,
        "mean_pred": -7.313124069761602,
        "mean_obs": 7.718806267111469,
        "n": 41529600
      }
    }
  }
}