lead_week,COR,skillful
1,0.810641,yes
2,0.601849,yes
3,0.466336,no
4,0.392489,no
5,0.319417,no
6,0.275171,no
